Filename,MSE,PSNR (dB),Compression Ratio
breast_image_0_gray.png,73.16,29.49,0.66
breast_image_100_gray.png,74.90,29.39,0.66
breast_image_101_color.png,233.23,24.45,1.39
breast_image_102_gray.png,73.68,29.46,0.66
breast_image_103_color.png,234.69,24.43,1.39
breast_image_104_gray.png,74.69,29.40,0.66
breast_image_105_color.png,230.11,24.51,1.37
breast_image_106_gray.png,75.10,29.37,0.66
breast_image_107_color.png,228.21,24.55,1.37
breast_image_108_gray.png,75.08,29.38,0.66
breast_image_109_color.png,233.62,24.45,1.38
breast_image_10_gray.png,73.35,29.48,0.66
breast_image_110_gray.png,74.49,29.41,0.66
breast_image_111_color.png,228.65,24.54,1.37
breast_image_112_gray.png,74.64,29.40,0.66
breast_image_113_color.png,234.68,24.43,1.39
breast_image_114_gray.png,75.52,29.35,0.66
breast_image_115_color.png,234.57,24.43,1.39
breast_image_116_gray.png,75.26,29.37,0.66
breast_image_117_color.png,235.63,24.41,1.39
breast_image_118_gray.png,73.86,29.45,0.66
breast_image_119_color.png,231.78,24.48,1.38
breast_image_11_color.png,234.58,24.43,1.39
breast_image_120_gray.png,74.84,29.39,0.66
breast_image_121_color.png,234.85,24.42,1.39
breast_image_122_gray.png,75.34,29.36,0.66
breast_image_123_color.png,233.60,24.45,1.38
breast_image_124_gray.png,73.25,29.48,0.66
breast_image_125_color.png,234.63,24.43,1.39
breast_image_126_gray.png,74.33,29.42,0.65
breast_image_127_color.png,234.46,24.43,1.39
breast_image_128_gray.png,74.59,29.40,0.66
breast_image_129_color.png,235.16,24.42,1.38
breast_image_12_gray.png,72.85,29.51,0.65
breast_image_130_gray.png,73.58,29.46,0.65
breast_image_131_color.png,234.25,24.43,1.39
breast_image_132_gray.png,73.03,29.50,0.65
breast_image_133_color.png,233.94,24.44,1.39
breast_image_134_gray.png,75.60,29.35,0.66
breast_image_135_color.png,234.70,24.43,1.39
breast_image_136_gray.png,75.16,29.37,0.66
breast_image_137_color.png,228.63,24.54,1.37
breast_image_138_gray.png,75.13,29.37,0.66
breast_image_139_color.png,232.67,24.46,1.39
breast_image_13_color.png,234.51,24.43,1.39
breast_image_140_gray.png,75.44,29.36,0.66
breast_image_141_color.png,234.48,24.43,1.39
breast_image_142_gray.png,74.02,29.44,0.65
breast_image_143_color.png,234.63,24.43,1.38
breast_image_144_gray.png,74.95,29.38,0.66
breast_image_145_color.png,230.07,24.51,1.38
breast_image_146_gray.png,75.17,29.37,0.66
breast_image_147_color.png,234.92,24.42,1.39
breast_image_148_gray.png,73.57,29.46,0.66
breast_image_149_color.png,234.59,24.43,1.38
breast_image_14_gray.png,75.25,29.37,0.66
breast_image_150_gray.png,72.05,29.55,0.65
breast_image_151_color.png,232.58,24.47,1.38
breast_image_152_gray.png,73.10,29.49,0.66
breast_image_153_color.png,234.51,24.43,1.39
breast_image_154_gray.png,76.02,29.32,0.66
breast_image_155_color.png,234.09,24.44,1.39
breast_image_156_gray.png,74.51,29.41,0.66
breast_image_157_color.png,233.92,24.44,1.38
breast_image_158_gray.png,74.88,29.39,0.66
breast_image_159_color.png,234.71,24.43,1.39
breast_image_15_color.png,229.35,24.53,1.37
breast_image_160_gray.png,74.03,29.44,0.65
breast_image_161_color.png,234.42,24.43,1.38
breast_image_162_gray.png,75.49,29.35,0.66
breast_image_163_color.png,234.88,24.42,1.39
breast_image_164_gray.png,75.61,29.34,0.66
breast_image_165_color.png,234.36,24.43,1.39
breast_image_166_gray.png,74.11,29.43,0.66
breast_image_167_color.png,233.73,24.44,1.39
breast_image_168_gray.png,74.70,29.40,0.66
breast_image_169_color.png,229.46,24.52,1.37
breast_image_16_gray.png,74.97,29.38,0.66
breast_image_170_gray.png,74.51,29.41,0.66
breast_image_171_color.png,234.93,24.42,1.39
breast_image_172_gray.png,75.13,29.37,0.66
breast_image_173_color.png,228.48,24.54,1.38
breast_image_174_gray.png,74.25,29.42,0.66
breast_image_175_color.png,233.05,24.46,1.39
breast_image_176_gray.png,75.15,29.37,0.66
breast_image_177_color.png,230.37,24.51,1.37
breast_image_178_gray.png,73.91,29.44,0.66
breast_image_179_color.png,229.60,24.52,1.37
breast_image_17_color.png,229.37,24.53,1.37
breast_image_180_gray.png,75.04,29.38,0.66
breast_image_181_color.png,234.80,24.42,1.39
breast_image_182_gray.png,76.32,29.30,0.66
breast_image_183_color.png,233.08,24.46,1.39
breast_image_184_gray.png,74.73,29.40,0.66
breast_image_185_color.png,234.46,24.43,1.39
breast_image_186_gray.png,74.62,29.40,0.66
breast_image_187_color.png,234.52,24.43,1.39
breast_image_188_gray.png,75.56,29.35,0.66
breast_image_189_color.png,236.34,24.40,1.39
breast_image_18_gray.png,75.01,29.38,0.66
breast_image_190_gray.png,74.85,29.39,0.66
breast_image_191_color.png,235.23,24.42,1.39
breast_image_192_gray.png,74.46,29.41,0.66
breast_image_193_color.png,233.18,24.45,1.39
breast_image_194_gray.png,73.62,29.46,0.65
breast_image_195_color.png,234.91,24.42,1.39
breast_image_196_gray.png,75.16,29.37,0.66
breast_image_197_color.png,235.16,24.42,1.39
breast_image_198_gray.png,75.10,29.37,0.66
breast_image_199_color.png,230.18,24.51,1.37
breast_image_19_color.png,229.65,24.52,1.37
breast_image_1_color.png,233.97,24.44,1.38
breast_image_200_gray.png,75.25,29.37,0.66
breast_image_201_color.png,234.90,24.42,1.39
breast_image_202_gray.png,74.70,29.40,0.66
breast_image_203_color.png,230.36,24.51,1.37
breast_image_204_gray.png,75.23,29.37,0.66
breast_image_205_color.png,230.06,24.51,1.37
breast_image_206_gray.png,73.18,29.49,0.66
breast_image_207_color.png,234.19,24.44,1.39
breast_image_208_gray.png,75.27,29.36,0.66
breast_image_209_color.png,227.28,24.57,1.37
breast_image_20_gray.png,75.05,29.38,0.66
breast_image_210_gray.png,74.54,29.41,0.66
breast_image_211_color.png,234.24,24.43,1.39
breast_image_212_gray.png,74.76,29.39,0.66
breast_image_213_color.png,229.82,24.52,1.37
breast_image_214_gray.png,74.84,29.39,0.66
breast_image_215_color.png,233.98,24.44,1.39
breast_image_216_gray.png,72.87,29.51,0.65
breast_image_217_color.png,234.50,24.43,1.39
breast_image_218_gray.png,73.62,29.46,0.66
breast_image_219_color.png,234.23,24.43,1.39
breast_image_21_color.png,233.62,24.45,1.39
breast_image_220_gray.png,73.14,29.49,0.66
breast_image_221_color.png,233.46,24.45,1.39
breast_image_222_gray.png,74.78,29.39,0.66
breast_image_223_color.png,230.37,24.51,1.37
breast_image_224_gray.png,75.06,29.38,0.66
breast_image_225_color.png,234.71,24.43,1.39
breast_image_226_gray.png,75.50,29.35,0.66
breast_image_227_color.png,228.51,24.54,1.37
breast_image_228_gray.png,75.29,29.36,0.66
breast_image_229_color.png,229.22,24.53,1.38
breast_image_22_gray.png,75.16,29.37,0.66
breast_image_230_gray.png,75.06,29.38,0.66
breast_image_231_color.png,233.08,24.46,1.38
breast_image_232_gray.png,73.98,29.44,0.66
breast_image_233_color.png,233.43,24.45,1.39
breast_image_234_gray.png,75.18,29.37,0.66
breast_image_235_color.png,229.19,24.53,1.37
breast_image_236_gray.png,75.50,29.35,0.66
breast_image_237_color.png,234.08,24.44,1.39
breast_image_238_gray.png,72.78,29.51,0.66
breast_image_239_color.png,228.45,24.54,1.37
breast_image_23_color.png,230.05,24.51,1.37
breast_image_240_gray.png,74.67,29.40,0.66
breast_image_241_color.png,233.90,24.44,1.39
breast_image_242_gray.png,75.25,29.37,0.66
breast_image_243_color.png,233.92,24.44,1.39
breast_image_244_gray.png,75.32,29.36,0.66
breast_image_245_color.png,233.58,24.45,1.38
breast_image_246_gray.png,74.86,29.39,0.66
breast_image_247_color.png,235.27,24.42,1.39
breast_image_248_gray.png,74.77,29.39,0.66
breast_image_249_color.png,233.57,24.45,1.38
breast_image_24_gray.png,74.92,29.39,0.66
breast_image_250_gray.png,74.70,29.40,0.66
breast_image_251_color.png,232.64,24.46,1.39
breast_image_252_gray.png,73.73,29.45,0.65
breast_image_253_color.png,230.39,24.51,1.37
breast_image_254_gray.png,75.21,29.37,0.66
breast_image_255_color.png,233.57,24.45,1.38
breast_image_256_gray.png,75.41,29.36,0.66
breast_image_257_color.png,233.05,24.46,1.39
breast_image_258_gray.png,74.72,29.40,0.66
breast_image_259_color.png,233.22,24.45,1.39
breast_image_25_color.png,235.23,24.42,1.39
breast_image_260_gray.png,72.89,29.50,0.66
breast_image_261_color.png,234.19,24.44,1.39
breast_image_262_gray.png,75.18,29.37,0.66
breast_image_263_color.png,234.03,24.44,1.39
breast_image_264_gray.png,74.50,29.41,0.66
breast_image_265_color.png,228.94,24.53,1.37
breast_image_266_gray.png,73.73,29.45,0.66
breast_image_267_color.png,231.31,24.49,1.37
breast_image_268_gray.png,74.71,29.40,0.66
breast_image_269_color.png,233.31,24.45,1.39
breast_image_26_gray.png,73.54,29.47,0.66
breast_image_270_gray.png,75.22,29.37,0.66
breast_image_271_color.png,230.20,24.51,1.37
breast_image_272_gray.png,73.81,29.45,0.66
breast_image_273_color.png,235.97,24.40,1.39
breast_image_274_gray.png,74.93,29.38,0.66
breast_image_275_color.png,229.98,24.51,1.37
breast_image_276_gray.png,74.55,29.41,0.66
breast_image_277_color.png,235.36,24.41,1.39
breast_image_278_gray.png,73.63,29.46,0.66
breast_image_279_color.png,234.66,24.43,1.39
breast_image_27_color.png,234.10,24.44,1.39
breast_image_280_gray.png,75.29,29.36,0.66
breast_image_281_color.png,233.40,24.45,1.39
breast_image_282_gray.png,75.03,29.38,0.66
breast_image_283_color.png,234.58,24.43,1.39
breast_image_284_gray.png,75.81,29.33,0.66
breast_image_285_color.png,233.24,24.45,1.38
breast_image_286_gray.png,74.73,29.40,0.66
breast_image_287_color.png,232.15,24.47,1.39
breast_image_288_gray.png,75.01,29.38,0.66
breast_image_289_color.png,230.53,24.50,1.37
breast_image_28_gray.png,73.08,29.49,0.66
breast_image_290_gray.png,74.40,29.42,0.66
breast_image_291_color.png,232.91,24.46,1.38
breast_image_292_gray.png,74.43,29.41,0.66
breast_image_293_color.png,229.83,24.52,1.37
breast_image_294_gray.png,76.05,29.32,0.66
breast_image_295_color.png,233.63,24.45,1.39
breast_image_296_gray.png,75.16,29.37,0.66
breast_image_297_color.png,234.64,24.43,1.39
breast_image_298_gray.png,74.81,29.39,0.66
breast_image_299_color.png,228.97,24.53,1.36
breast_image_29_color.png,227.61,24.56,1.37
breast_image_2_gray.png,73.91,29.44,0.65
breast_image_300_gray.png,72.96,29.50,0.66
breast_image_301_color.png,234.85,24.42,1.39
breast_image_302_gray.png,74.19,29.43,0.66
breast_image_303_color.png,233.34,24.45,1.39
breast_image_304_gray.png,74.39,29.42,0.66
breast_image_305_color.png,230.12,24.51,1.37
breast_image_306_gray.png,74.40,29.42,0.66
breast_image_307_color.png,233.24,24.45,1.38
breast_image_308_gray.png,75.17,29.37,0.66
breast_image_309_color.png,234.43,24.43,1.39
breast_image_30_gray.png,73.37,29.48,0.65
breast_image_310_gray.png,75.20,29.37,0.66
breast_image_311_color.png,234.02,24.44,1.39
breast_image_312_gray.png,75.09,29.37,0.66
breast_image_313_color.png,230.40,24.51,1.37
breast_image_314_gray.png,72.76,29.51,0.66
breast_image_315_color.png,233.59,24.45,1.39
breast_image_316_gray.png,76.03,29.32,0.66
breast_image_317_color.png,236.60,24.39,1.39
breast_image_318_gray.png,74.83,29.39,0.66
breast_image_319_color.png,228.88,24.53,1.37
breast_image_31_color.png,234.05,24.44,1.38
breast_image_320_gray.png,73.12,29.49,0.65
breast_image_321_color.png,230.44,24.51,1.37
breast_image_322_gray.png,75.22,29.37,0.66
breast_image_323_color.png,228.54,24.54,1.37
breast_image_324_gray.png,75.33,29.36,0.66
breast_image_325_color.png,229.55,24.52,1.37
breast_image_326_gray.png,73.09,29.49,0.66
breast_image_327_color.png,228.91,24.53,1.37
breast_image_328_gray.png,73.44,29.47,0.65
breast_image_329_color.png,229.01,24.53,1.37
breast_image_32_gray.png,74.70,29.40,0.66
breast_image_330_gray.png,75.53,29.35,0.66
breast_image_331_color.png,235.20,24.42,1.38
breast_image_332_gray.png,73.49,29.47,0.66
breast_image_333_color.png,233.84,24.44,1.39
breast_image_334_gray.png,74.39,29.42,0.66
breast_image_335_color.png,232.91,24.46,1.39
breast_image_336_gray.png,73.41,29.47,0.66
breast_image_337_color.png,235.14,24.42,1.39
breast_image_338_gray.png,75.05,29.38,0.66
breast_image_339_color.png,233.85,24.44,1.39
breast_image_33_color.png,234.80,24.42,1.39
breast_image_340_gray.png,73.76,29.45,0.65
breast_image_341_color.png,235.20,24.42,1.39
breast_image_342_gray.png,74.72,29.40,0.66
breast_image_343_color.png,234.07,24.44,1.39
breast_image_344_gray.png,74.45,29.41,0.66
breast_image_345_color.png,235.78,24.41,1.39
breast_image_346_gray.png,75.89,29.33,0.66
breast_image_347_color.png,233.82,24.44,1.39
breast_image_348_gray.png,75.09,29.38,0.66
breast_image_349_color.png,229.64,24.52,1.37
breast_image_34_gray.png,73.14,29.49,0.66
breast_image_350_gray.png,74.72,29.40,0.66
breast_image_351_color.png,233.64,24.45,1.39
breast_image_352_gray.png,75.56,29.35,0.66
breast_image_353_color.png,233.50,24.45,1.38
breast_image_354_gray.png,74.76,29.39,0.66
breast_image_355_color.png,235.38,24.41,1.39
breast_image_356_gray.png,75.51,29.35,0.66
breast_image_357_color.png,234.85,24.42,1.39
breast_image_358_gray.png,72.46,29.53,0.66
breast_image_359_color.png,230.37,24.51,1.37
breast_image_35_color.png,233.94,24.44,1.39
breast_image_360_gray.png,73.29,29.48,0.65
breast_image_361_color.png,233.88,24.44,1.39
breast_image_362_gray.png,75.24,29.37,0.66
breast_image_363_color.png,234.54,24.43,1.39
breast_image_364_gray.png,73.25,29.48,0.66
breast_image_365_color.png,229.23,24.53,1.37
breast_image_366_gray.png,74.84,29.39,0.66
breast_image_367_color.png,234.70,24.43,1.39
breast_image_368_gray.png,73.21,29.49,0.66
breast_image_369_color.png,236.14,24.40,1.39
breast_image_36_gray.png,75.58,29.35,0.66
breast_image_370_gray.png,73.32,29.48,0.66
breast_image_371_color.png,230.89,24.50,1.37
breast_image_372_gray.png,74.78,29.39,0.66
breast_image_373_color.png,234.79,24.42,1.39
breast_image_374_gray.png,74.82,29.39,0.66
breast_image_375_color.png,229.98,24.51,1.37
breast_image_376_gray.png,73.44,29.47,0.66
breast_image_377_color.png,233.54,24.45,1.39
breast_image_378_gray.png,75.13,29.37,0.66
breast_image_379_color.png,233.98,24.44,1.39
breast_image_37_color.png,233.98,24.44,1.39
breast_image_380_gray.png,74.59,29.40,0.66
breast_image_381_color.png,235.19,24.42,1.39
breast_image_382_gray.png,75.13,29.37,0.66
breast_image_383_color.png,232.55,24.47,1.39
breast_image_384_gray.png,74.28,29.42,0.66
breast_image_385_color.png,233.53,24.45,1.39
breast_image_386_gray.png,75.11,29.37,0.66
breast_image_387_color.png,233.93,24.44,1.39
breast_image_388_gray.png,73.85,29.45,0.66
breast_image_389_color.png,229.61,24.52,1.37
breast_image_38_gray.png,75.44,29.35,0.66
breast_image_390_gray.png,75.01,29.38,0.66
breast_image_391_color.png,235.20,24.42,1.39
breast_image_392_gray.png,74.55,29.41,0.66
breast_image_393_color.png,235.46,24.41,1.39
breast_image_394_gray.png,73.89,29.45,0.66
breast_image_395_color.png,229.71,24.52,1.37
breast_image_396_gray.png,74.93,29.38,0.66
breast_image_397_color.png,233.33,24.45,1.39
breast_image_398_gray.png,74.83,29.39,0.66
breast_image_399_color.png,233.01,24.46,1.39
breast_image_39_color.png,232.95,24.46,1.38
breast_image_3_color.png,233.93,24.44,1.39
breast_image_400_gray.png,73.08,29.49,0.65
breast_image_401_color.png,234.58,24.43,1.39
breast_image_402_gray.png,74.80,29.39,0.66
breast_image_403_color.png,228.16,24.55,1.37
breast_image_404_gray.png,73.24,29.48,0.66
breast_image_405_color.png,234.04,24.44,1.39
breast_image_406_gray.png,73.96,29.44,0.66
breast_image_407_color.png,233.67,24.44,1.40
breast_image_408_gray.png,73.04,29.50,0.66
breast_image_409_color.png,233.90,24.44,1.39
breast_image_40_gray.png,74.81,29.39,0.66
breast_image_410_gray.png,74.75,29.39,0.66
breast_image_411_color.png,229.39,24.52,1.37
breast_image_412_gray.png,74.44,29.41,0.66
breast_image_413_color.png,235.15,24.42,1.39
breast_image_414_gray.png,75.19,29.37,0.66
breast_image_415_color.png,229.49,24.52,1.37
breast_image_416_gray.png,75.47,29.35,0.66
breast_image_417_color.png,234.70,24.43,1.39
breast_image_418_gray.png,74.91,29.39,0.66
breast_image_419_color.png,235.20,24.42,1.38
breast_image_41_color.png,234.39,24.43,1.39
breast_image_420_gray.png,74.84,29.39,0.66
breast_image_421_color.png,234.38,24.43,1.39
breast_image_422_gray.png,72.81,29.51,0.65
breast_image_423_color.png,232.90,24.46,1.39
breast_image_424_gray.png,74.66,29.40,0.66
breast_image_425_color.png,234.19,24.44,1.39
breast_image_426_gray.png,75.40,29.36,0.66
breast_image_427_color.png,234.08,24.44,1.39
breast_image_428_gray.png,74.37,29.42,0.66
breast_image_429_color.png,230.94,24.50,1.37
breast_image_42_gray.png,74.64,29.40,0.66
breast_image_430_gray.png,74.93,29.38,0.66
breast_image_431_color.png,233.88,24.44,1.39
breast_image_432_gray.png,73.56,29.46,0.66
breast_image_433_color.png,233.52,24.45,1.39
breast_image_434_gray.png,74.59,29.40,0.66
breast_image_435_color.png,234.82,24.42,1.39
breast_image_436_gray.png,75.61,29.35,0.66
breast_image_437_color.png,234.15,24.44,1.39
breast_image_438_gray.png,74.93,29.38,0.66
breast_image_439_color.png,235.89,24.40,1.39
breast_image_43_color.png,234.46,24.43,1.38
breast_image_440_gray.png,75.48,29.35,0.66
breast_image_441_color.png,234.56,24.43,1.39
breast_image_442_gray.png,75.28,29.36,0.66
breast_image_443_color.png,233.80,24.44,1.39
breast_image_444_gray.png,74.34,29.42,0.66
breast_image_445_color.png,235.05,24.42,1.39
breast_image_446_gray.png,75.17,29.37,0.66
breast_image_447_color.png,234.07,24.44,1.39
breast_image_448_gray.png,74.62,29.40,0.66
breast_image_449_color.png,228.70,24.54,1.37
breast_image_44_gray.png,75.03,29.38,0.66
breast_image_450_gray.png,74.88,29.39,0.66
breast_image_451_color.png,234.25,24.43,1.39
breast_image_452_gray.png,74.91,29.39,0.66
breast_image_453_color.png,234.30,24.43,1.39
breast_image_454_gray.png,73.36,29.48,0.65
breast_image_455_color.png,233.75,24.44,1.39
breast_image_456_gray.png,73.32,29.48,0.66
breast_image_457_color.png,234.48,24.43,1.39
breast_image_458_gray.png,74.57,29.40,0.66
breast_image_459_color.png,230.28,24.51,1.37
breast_image_45_color.png,235.34,24.41,1.39
breast_image_460_gray.png,74.43,29.41,0.66
breast_image_461_color.png,234.29,24.43,1.39
breast_image_462_gray.png,75.06,29.38,0.66
breast_image_463_color.png,236.24,24.40,1.39
breast_image_464_gray.png,74.05,29.44,0.66
breast_image_465_color.png,236.31,24.40,1.39
breast_image_466_gray.png,75.54,29.35,0.66
breast_image_467_color.png,234.28,24.43,1.39
breast_image_468_gray.png,73.16,29.49,0.66
breast_image_469_color.png,234.50,24.43,1.39
breast_image_46_gray.png,72.64,29.52,0.66
breast_image_470_gray.png,75.17,29.37,0.66
breast_image_471_color.png,229.06,24.53,1.37
breast_image_472_gray.png,74.30,29.42,0.66
breast_image_473_color.png,230.13,24.51,1.37
breast_image_474_gray.png,74.86,29.39,0.66
breast_image_475_color.png,228.94,24.53,1.37
breast_image_476_gray.png,72.54,29.52,0.65
breast_image_477_color.png,233.71,24.44,1.39
breast_image_478_gray.png,74.81,29.39,0.66
breast_image_479_color.png,229.16,24.53,1.37
breast_image_47_color.png,233.40,24.45,1.39
breast_image_480_gray.png,73.09,29.49,0.65
breast_image_481_color.png,233.59,24.45,1.38
breast_image_482_gray.png,73.73,29.45,0.66
breast_image_483_color.png,233.94,24.44,1.38
breast_image_484_gray.png,72.99,29.50,0.66
breast_image_485_color.png,229.16,24.53,1.37
breast_image_486_gray.png,73.82,29.45,0.66
breast_image_487_color.png,233.96,24.44,1.39
breast_image_488_gray.png,75.08,29.38,0.66
breast_image_489_color.png,232.47,24.47,1.39
breast_image_48_gray.png,75.12,29.37,0.66
breast_image_490_gray.png,73.20,29.49,0.65
breast_image_491_color.png,233.42,24.45,1.38
breast_image_492_gray.png,73.77,29.45,0.66
breast_image_493_color.png,234.57,24.43,1.39
breast_image_494_gray.png,73.42,29.47,0.65
breast_image_495_color.png,230.90,24.50,1.37
breast_image_496_gray.png,73.98,29.44,0.66
breast_image_497_color.png,234.83,24.42,1.39
breast_image_498_gray.png,74.78,29.39,0.66
breast_image_499_color.png,228.18,24.55,1.37
breast_image_49_color.png,233.20,24.45,1.39
breast_image_4_gray.png,74.74,29.40,0.66
breast_image_500_gray.png,73.21,29.48,0.66
breast_image_501_color.png,234.17,24.44,1.39
breast_image_502_gray.png,75.26,29.37,0.66
breast_image_503_color.png,233.47,24.45,1.38
breast_image_504_gray.png,75.10,29.37,0.66
breast_image_505_color.png,230.03,24.51,1.37
breast_image_506_gray.png,74.91,29.39,0.66
breast_image_507_color.png,233.66,24.44,1.38
breast_image_508_gray.png,74.38,29.42,0.66
breast_image_509_color.png,233.32,24.45,1.39
breast_image_50_gray.png,75.64,29.34,0.66
breast_image_510_gray.png,75.18,29.37,0.66
breast_image_511_color.png,235.36,24.41,1.39
breast_image_512_gray.png,73.51,29.47,0.66
breast_image_513_color.png,233.36,24.45,1.38
breast_image_514_gray.png,74.93,29.38,0.66
breast_image_515_color.png,228.59,24.54,1.37
breast_image_516_gray.png,73.51,29.47,0.66
breast_image_517_color.png,235.15,24.42,1.39
breast_image_518_gray.png,72.56,29.52,0.66
breast_image_519_color.png,233.45,24.45,1.39
breast_image_51_color.png,235.57,24.41,1.39
breast_image_520_gray.png,74.88,29.39,0.66
breast_image_521_color.png,229.33,24.53,1.37
breast_image_522_gray.png,74.92,29.38,0.66
breast_image_523_color.png,235.29,24.41,1.39
breast_image_524_gray.png,74.43,29.41,0.66
breast_image_525_color.png,229.30,24.53,1.37
breast_image_526_gray.png,73.91,29.44,0.66
breast_image_527_color.png,234.27,24.43,1.38
breast_image_528_gray.png,74.50,29.41,0.66
breast_image_529_color.png,229.84,24.52,1.37
breast_image_52_gray.png,73.16,29.49,0.66
breast_image_530_gray.png,73.88,29.45,0.66
breast_image_531_color.png,233.27,24.45,1.39
breast_image_532_gray.png,74.99,29.38,0.66
breast_image_533_color.png,233.35,24.45,1.39
breast_image_534_gray.png,75.67,29.34,0.66
breast_image_535_color.png,230.87,24.50,1.37
breast_image_536_gray.png,73.15,29.49,0.65
breast_image_537_color.png,234.52,24.43,1.39
breast_image_538_gray.png,73.30,29.48,0.66
breast_image_539_color.png,229.41,24.52,1.38
breast_image_53_color.png,228.43,24.54,1.37
breast_image_540_gray.png,73.79,29.45,0.66
breast_image_541_color.png,234.50,24.43,1.39
breast_image_542_gray.png,74.53,29.41,0.66
breast_image_543_color.png,228.70,24.54,1.37
breast_image_544_gray.png,75.44,29.36,0.66
breast_image_545_color.png,229.35,24.53,1.37
breast_image_546_gray.png,73.14,29.49,0.65
breast_image_547_color.png,233.62,24.45,1.39
breast_image_548_gray.png,73.69,29.46,0.66
breast_image_549_color.png,233.36,24.45,1.38
breast_image_54_gray.png,74.84,29.39,0.66
breast_image_550_gray.png,75.00,29.38,0.66
breast_image_551_color.png,233.87,24.44,1.39
breast_image_552_gray.png,74.32,29.42,0.66
breast_image_553_color.png,235.76,24.41,1.39
breast_image_554_gray.png,74.73,29.40,0.66
breast_image_555_color.png,228.24,24.55,1.38
breast_image_556_gray.png,74.42,29.41,0.66
breast_image_557_color.png,232.65,24.46,1.38
breast_image_558_gray.png,74.49,29.41,0.66
breast_image_559_color.png,234.31,24.43,1.39
breast_image_55_color.png,234.52,24.43,1.39
breast_image_560_gray.png,73.14,29.49,0.65
breast_image_561_color.png,229.07,24.53,1.37
breast_image_562_gray.png,74.74,29.40,0.66
breast_image_563_color.png,233.09,24.46,1.39
breast_image_564_gray.png,73.50,29.47,0.65
breast_image_565_color.png,227.81,24.56,1.37
breast_image_566_gray.png,74.31,29.42,0.66
breast_image_567_color.png,234.80,24.42,1.39
breast_image_568_gray.png,75.65,29.34,0.66
breast_image_569_color.png,236.18,24.40,1.39
breast_image_56_gray.png,73.01,29.50,0.66
breast_image_570_gray.png,74.74,29.40,0.66
breast_image_571_color.png,234.45,24.43,1.39
breast_image_572_gray.png,75.35,29.36,0.66
breast_image_573_color.png,230.42,24.51,1.38
breast_image_574_gray.png,75.07,29.38,0.66
breast_image_575_color.png,235.21,24.42,1.39
breast_image_576_gray.png,74.72,29.40,0.66
breast_image_577_color.png,229.25,24.53,1.37
breast_image_578_gray.png,75.48,29.35,0.66
breast_image_579_color.png,235.45,24.41,1.39
breast_image_57_color.png,227.75,24.56,1.37
breast_image_580_gray.png,75.49,29.35,0.66
breast_image_581_color.png,234.64,24.43,1.39
breast_image_582_gray.png,75.23,29.37,0.66
breast_image_583_color.png,234.07,24.44,1.39
breast_image_584_gray.png,74.61,29.40,0.66
breast_image_585_color.png,231.26,24.49,1.37
breast_image_586_gray.png,74.88,29.39,0.66
breast_image_587_color.png,234.76,24.42,1.39
breast_image_588_gray.png,74.59,29.40,0.66
breast_image_589_color.png,233.54,24.45,1.39
breast_image_58_gray.png,72.79,29.51,0.66
breast_image_590_gray.png,75.12,29.37,0.66
breast_image_591_color.png,232.36,24.47,1.38
breast_image_592_gray.png,75.07,29.38,0.66
breast_image_593_color.png,228.92,24.53,1.37
breast_image_594_gray.png,73.83,29.45,0.65
breast_image_595_color.png,228.45,24.54,1.37
breast_image_596_gray.png,73.08,29.49,0.66
breast_image_597_color.png,234.51,24.43,1.39
breast_image_598_gray.png,75.16,29.37,0.66
breast_image_599_color.png,234.81,24.42,1.39
breast_image_59_color.png,233.48,24.45,1.39
breast_image_5_color.png,235.83,24.40,1.39
breast_image_60_gray.png,72.37,29.54,0.66
breast_image_61_color.png,233.02,24.46,1.39
breast_image_62_gray.png,75.52,29.35,0.66
breast_image_63_color.png,233.83,24.44,1.39
breast_image_64_gray.png,72.59,29.52,0.66
breast_image_65_color.png,230.42,24.51,1.37
breast_image_66_gray.png,74.21,29.43,0.66
breast_image_67_color.png,234.46,24.43,1.39
breast_image_68_gray.png,74.35,29.42,0.66
breast_image_69_color.png,229.90,24.52,1.37
breast_image_6_gray.png,74.07,29.43,0.65
breast_image_70_gray.png,72.77,29.51,0.66
breast_image_71_color.png,233.86,24.44,1.38
breast_image_72_gray.png,74.47,29.41,0.66
breast_image_73_color.png,233.51,24.45,1.38
breast_image_74_gray.png,73.70,29.46,0.66
breast_image_75_color.png,229.48,24.52,1.37
breast_image_76_gray.png,73.22,29.48,0.66
breast_image_77_color.png,233.82,24.44,1.38
breast_image_78_gray.png,74.93,29.38,0.66
breast_image_79_color.png,233.51,24.45,1.39
breast_image_7_color.png,234.65,24.43,1.39
breast_image_80_gray.png,72.41,29.53,0.66
breast_image_81_color.png,229.81,24.52,1.37
breast_image_82_gray.png,74.91,29.39,0.66
breast_image_83_color.png,228.60,24.54,1.37
breast_image_84_gray.png,74.72,29.40,0.66
breast_image_85_color.png,233.11,24.46,1.39
breast_image_86_gray.png,74.53,29.41,0.66
breast_image_87_color.png,234.33,24.43,1.39
breast_image_88_gray.png,73.89,29.45,0.66
breast_image_89_color.png,233.59,24.45,1.39
breast_image_8_gray.png,74.42,29.41,0.66
breast_image_90_gray.png,74.86,29.39,0.66
breast_image_91_color.png,234.39,24.43,1.39
breast_image_92_gray.png,73.35,29.48,0.66
breast_image_93_color.png,234.12,24.44,1.39
breast_image_94_gray.png,73.35,29.48,0.66
breast_image_95_color.png,234.77,24.42,1.39
breast_image_96_gray.png,73.42,29.47,0.65
breast_image_97_color.png,235.59,24.41,1.38
breast_image_98_gray.png,74.86,29.39,0.66
breast_image_99_color.png,232.65,24.46,1.39
breast_image_9_color.png,230.12,24.51,1.37
AVERAGE,153.65,26.94,1.02
